{
  "scores_cv": {
    "svm": {
      "mean_f1_macro": 0.9724223811819451,
      "folds": [
        0.9795731773372333,
        0.9820108818363108,
        0.9573392927342222,
        0.9679650243117736,
        0.975223529690186
      ]
    },
    "nb": {
      "mean_f1_macro": 0.8033511313520962,
      "folds": [
        0.8145018950980599,
        0.7894796840828397,
        0.7808477481689263,
        0.8222866344605476,
        0.8096396949501076
      ]
    },
    "lr": {
      "mean_f1_macro": 0.9493739202968878,
      "folds": [
        0.9455118021680273,
        0.9630688682348246,
        0.9402429763976147,
        0.9491895697250139,
        0.9488563849589585
      ]
    }
  },
  "winner": "svm",
  "train_metrics": {
    "precision_macro": 1.0,
    "recall_macro": 1.0,
    "f1_macro": 1.0,
    "per_class": {
      "ODS1": {
        "precision": 1.0,
        "recall": 1.0,
        "f1": 1.0,
        "support": 505
      },
      "ODS3": {
        "precision": 1.0,
        "recall": 1.0,
        "f1": 1.0,
        "support": 894
      },
      "ODS4": {
        "precision": 1.0,
        "recall": 1.0,
        "f1": 1.0,
        "support": 1025
      }
    }
  }
}